set,set_size,overlap,ratio,pval,genes,padj
C5:GO:BP|GOBP_TISSUE_DEVELOPMENT,1449,179,0.12353347135955832,6.682083475080286e-23,Adrb2;Ajuba;Akr1c18;Alox15;Alpl;Amh;Apold1;Arc;Arg2;Arhgef26;Arrdc3;Atf3;Atrnl1;Axin1;Bmp2;Bmp2k;Bmp3;Bmper;Bmpr1b;Bmx;Btg2;Bves;C1galt1;Calb1;Ccdc103,2.42359167641162e-19
H|HALLMARK_TNFA_SIGNALING_VIA_NFKB,191,50,0.2617801047120419,7.64663008698986e-20,Ackr3;Atf3;Bhlhe40;Bmp2;Btg2;Ccl2;Cd83;Cxcl1;Cxcl10;Cxcl2;Dusp1;Dusp5;Egr1;Ehd1;Ets2;Fos;Fosb;Fosl1;Gem;Hbegf;Ier2;Ier3;Inhba;Irs2;Jag1,2.773432732551222e-16
C5:GO:BP|GOBP_CELL_MIGRATION,1188,149,0.12542087542087543,1.241070913570325e-19,Abcc8;Ackr3;Ackr4;Adamts1;Adgrg1;Adra2a;Ajuba;Amotl2;Anln;Apoa1;Arc;Arhgef16;Atp1b2;Atrnl1;Bcar1;Bmp2;Bmper;Bves;Camk2a;Ccl2;Ccl24;Ccl7;Ccr10;Cd177;Cthrc1,4.501364203519569e-16
C5:GO:CC|GOCC_INTRINSIC_COMPONENT_OF_PLASMA_MEMBRANE,1164,145,0.12457044673539519,7.748327627236705e-19,Abcc8;Ackr4;Adcyap1r1;Adgrg1;Adra2a;Adrb2;Ano1;Aqp5;Asgr1;Atp1b2;Atp4a;Bcam;Bmp2;Cacna1h;Ccr10;Cd14;Cd163;Cd177;Cd83;Cdh4;Cftr;Chrna2;Clcn3;Clstn3;Cnih2,2.810318430398753e-15
C5:GO:BP|GOBP_LOCOMOTION,1409,164,0.11639460610361958,2.4362721359335946e-18,Abcc8;Ackr3;Ackr4;Adamts1;Adgrg1;Adra2a;Ajuba;Amotl2;Anln;Apoa1;Arc;Arhgef16;Arrdc3;Atp1b2;Atrnl1;Bcar1;Bmp2;Bmper;Bmpr1b;Bves;Camk2a;Ccl2;Ccl24;Ccl7;Ccr10,8.836359037031148e-15
C5:GO:BP|GOBP_EPITHELIUM_DEVELOPMENT,868,116,0.1336405529953917,1.979493944118843e-17,Ajuba;Akr1c18;Apold1;Arg2;Arhgef26;Bmp2;Bmper;C1galt1;Calb1;Ccdc103;Ccdc88c;Ccno;Cdh3;Cdsn;Cobl;Col18a1;Col4a1;Crlf1;Cthrc1;Cxcl10;Dab2;Dact2;Dag1;Ddr1;Dll4,7.179624535319044e-14
C5:GO:BP|GOBP_TUBE_DEVELOPMENT,881,115,0.13053348467650397,1.6165525560380842e-16,Abcc8;Ackr3;Adamts1;Adgrf5;Adgrg1;Amotl2;Apold1;Arg2;Bmp2;Bmper;C1galt1;Calb1;Ccdc103;Ccl2;Ccl24;Cobl;Col18a1;Col4a1;Col4a2;Crlf1;Cthrc1;Cx3cr1;Cxcl10;Dact2;Dag1,5.863236120750132e-13
C5:GO:BP|GOBP_CELL_CELL_SIGNALING,1207,142,0.11764705882352941,2.7333409097715466e-16,Abcc8;Ache;Acsl4;Adcyap1;Adgrg1;Adra2a;Adrb2;Amh;Amotl2;Ano1;Arc;Axin1;Bmp2;Bmp3;Calb1;Camk2a;Ccdc88c;Ccl2;Ccl24;Ccl7;Cdh3;Cftr;Chrna2;Clcn3;Clstn3,9.9138274797414e-13
C5:GO:BP|GOBP_TUBE_MORPHOGENESIS,731,99,0.1354309165526676,2.305444584910371e-15,Abcc8;Ackr3;Adamts1;Adgrf5;Adgrg1;Amotl2;Apold1;Bmp2;Bmper;C1galt1;Ccdc103;Ccl2;Ccl24;Cobl;Col18a1;Col4a1;Col4a2;Cthrc1;Cx3cr1;Cxcl10;Dag1;Ddah1;Ddr1;Dll4;Edn2,8.361847509469915e-12
C5:GO:BP|GOBP_ANATOMICAL_STRUCTURE_FORMATION_INVOLVED_IN_MORPHOGENESIS,926,115,0.12419006479481641,6.0995241286544946e-15,Abcc8;Ackr3;Adamts1;Adgrg1;Amotl2;Apold1;Axin1;Bmp2;Bmper;Bysl;C1galt1;Cacna1h;Calb1;Ccl2;Ccl24;Cftr;Cobl;Col18a1;Col4a1;Col4a2;Cthrc1;Cx3cr1;Cxcl10;Cyp19a1;Dag1,2.212297401462985e-11
C5:GO:BP|GOBP_CIRCULATORY_SYSTEM_DEVELOPMENT,927,115,0.12405609492988134,6.587579281530182e-15,Abcc8;Ackr3;Adamts1;Adgrf5;Adgrg1;Amotl2;Angptl7;Apold1;Arhgef15;Bmp2;Bmper;Bves;C1galt1;Ccdc103;Ccl2;Ccl24;Col18a1;Col4a1;Col4a2;Cx3cr1;Cxcl10;Dag1;Ddah1;Dll4;Dsp,2.3893150054109968e-11
C5:GO:BP|GOBP_NEGATIVE_REGULATION_OF_SIGNALING,1093,127,0.1161939615736505,3.248209627149162e-14,Abcc8;Ache;Ackr3;Adra2a;Adrb2;Ajuba;Apoa1;Arc;Arrdc3;Atf3;Axin1;Bank1;Bmp2;Bmper;Ccdc88c;Cish;Crim1;Cthrc1;Cx3cr1;Dab2;Dact2;Dag1;Dgkg;Dlk1;Dll4,1.1781256317670012e-10
C5:GO:BP|GOBP_TISSUE_MORPHOGENESIS,513,76,0.14814814814814814,4.7430860625166716e-14,Ajuba;Axin1;Bmp2;Ccdc103;Cobl;Col4a1;Cthrc1;Cxcl10;Dab2;Dag1;Ddr1;Dll4;Dsp;Efnb2;Esr1;Esrp2;Foxc1;Foxf1;Frem2;Fst;Fzd3;Fzd6;Gata4;Gdnf;Gja1,1.7203173148747968e-10
C5:GO:BP|GOBP_REGULATION_OF_MULTICELLULAR_ORGANISMAL_DEVELOPMENT,1056,123,0.11647727272727272,7.285898682084305e-14,Abcc8;Adamts1;Adrb2;Angptl7;Apold1;Bhlhe40;Bmp2;Bmp2k;Bmper;Bmpr1b;Ccl24;Cd83;Cdh3;Cdh4;Cftr;Clstn3;Col4a2;Cx3cr1;Cxcl10;Dag1;Ddah1;Dll4;Dusp6;Epn2;Errfi1,2.6425954519919777e-10
C5:GO:BP|GOBP_MULTI_ORGANISM_REPRODUCTIVE_PROCESS,692,91,0.1315028901734104,1.9436786981159386e-13,Abcc8;Acsl4;Adam5;Adamts1;Adcyap1;Adcyap1r1;Adra2a;Amh;Bmpr1b;Cacna1h;Cftr;Ddr1;Dhh;Dnd1;Ereg;Esr1;Fancd2;Fbxw11;Fignl1;Fos;Fosb;Fosl1;Foxc1;Fshr;Fst,7.04972263806651e-10
C5:GO:BP|GOBP_ANIMAL_ORGAN_MORPHOGENESIS,801,99,0.12359550561797752,7.474846979873285e-13,Adamts1;Alpl;Aqp5;Atrnl1;Bcar3;Bmp2;Bmpr1b;Calb1;Ccdc103;Ccl2;Cdsn;Cftr;Col18a1;Csrnp1;Cthrc1;Dab2;Dag1;Ddr1;Dll4;Dsp;Efnb2;Eln;Ereg;Errfi1;Esr1,2.71112699960004e-09
C5:GO:BP|GOBP_REGULATION_OF_SYSTEM_PROCESS,417,64,0.15347721822541965,1.0264784639937214e-12,Abcc8;Adra2a;Adrb2;Apoa1;Apoa4;Atp1b2;Bves;Cacna1h;Cnih2;Dab2;Dag1;Dsc2;Dsp;Ece1;Edn2;Errfi1;Fgf13;Foxo1;Gata4;Gja1;Gls;Gper1;Hbegf;Htr2a;Igfbp5,3.7230373889052274e-09
C5:GO:BP|GOBP_NEGATIVE_REGULATION_OF_RESPONSE_TO_STIMULUS,1299,139,0.10700538876058506,1.0680065276112985e-12,Abcc8;Ackr3;Adra2a;Adrb2;Ajuba;Alox15;Apoa1;Arg2;Arrdc3;Atf3;Aunip;Axin1;Bank1;Bmp2;Bmper;Ccdc88c;Ccl2;Cish;Crim1;Cthrc1;Cx3cr1;Cyp19a1;Dab2;Dact2;Dag1,3.87365967564618e-09
C5:GO:BP|GOBP_REPRODUCTION,1040,118,0.11346153846153846,1.492614126142012e-12,Abcc8;Acsl4;Adam5;Adamts1;Adcyap1;Adcyap1r1;Adgrg1;Adra2a;Akr1c18;Alpl;Amh;Bmpr1b;Cacna1h;Cftr;Cyp19a1;Ddr1;Dhh;Dnd1;Dusp1;Egr1;Eme1;Ereg;Esr1;Fancd2;Fbxw11,5.413711435517078e-09
C5:GO:BP|GOBP_REGULATION_OF_CELLULAR_COMPONENT_MOVEMENT,848,101,0.11910377358490566,4.1203936084577574e-12,Abcc8;Ackr3;Adamts1;Adgrg1;Adra2a;Ajuba;Amotl2;Atp1b2;Bcar1;Bmp2;Bmper;Camk2a;Ccl2;Ccl24;Ccl7;Cnih2;Cx3cr1;Cxcl10;Cyp19a1;Dab2;Dag1;Dll4;Dsc2;Dsp;Dusp1,1.4944667617876285e-08
C5:GO:BP|GOBP_VASCULATURE_DEVELOPMENT,632,82,0.12974683544303797,6.596235821751569e-12,Abcc8;Ackr3;Adamts1;Adgrf5;Adgrg1;Amotl2;Angptl7;Apold1;Arhgef15;Bmper;C1galt1;Ccl2;Ccl24;Col18a1;Col4a1;Col4a2;Cx3cr1;Cxcl10;Dag1;Ddah1;Dll4;Edn2;Efnb2;Egr1;Epn2,2.392454732549294e-08
C5:GO:BP|GOBP_MORPHOGENESIS_OF_AN_EPITHELIUM,429,63,0.14685314685314685,1.1047058510320046e-11,Ajuba;Bmp2;Ccdc103;Cobl;Col4a1;Cthrc1;Cxcl10;Dab2;Dag1;Ddr1;Dll4;Efnb2;Esr1;Esrp2;Foxf1;Frem2;Fst;Fzd3;Fzd6;Gata4;Gdnf;Gja1;Gpc6;Grem1;Hbegf,4.006768121693081e-08
C5:GO:BP|GOBP_NEUROGENESIS,1291,134,0.10379550735863671,2.5257935246310174e-11,Abcc8;Acsl4;Adcyap1;Adgrg1;Apoa4;Arc;Atp1b2;Bhlhe40;Bmp2;Bmpr1b;Brinp2;Btbd3;Btbd8;Btg2;Camk2a;Camsap1;Ccl2;Cdh4;Cntn4;Cobl;Crmp1;Cspg5;Cthrc1;Ctnnd2;Cx3cr1,9.1610531138367e-08
C5:GO:BP|GOBP_ENZYME_LINKED_RECEPTOR_PROTEIN_SIGNALING_PATHWAY,795,94,0.11823899371069183,3.6366269364342336e-11,Adra2a;Adrb2;Amh;Apoa1;Axin1;Bcar1;Bcar3;Bmp2;Bmp3;Bmper;Bmpr1b;Cdh3;Cnksr1;Col4a1;Col4a2;Crim1;Csrnp1;Dab2;Dact2;Ddr1;Dok6;Efnb2;Egr1;Epn2;Ereg,1.3190045898446966e-07
C5:GO:BP|GOBP_MUSCLE_SYSTEM_PROCESS,337,53,0.1572700296735905,3.732961049531445e-11,Abcc8;Adra2a;Adrb2;Arg2;Cacna1h;Dag1;Dsc2;Dsp;Edn2;Errfi1;Fgf13;Foxo1;Galr2;Gata4;Gdnf;Gja1;Gper1;Htr2a;Igfbp5;Itga2;Kcna5;Kcnb2;Kcne4;Kcnj12;Kcnn2,1.353944972665055e-07
